Id;Interarrival Time;Arrival Time;Service Time;Time Service Begins;Waiting time in Queue;Time Service Ends;Time Customer Spends in System;Idle time of Server
0;0;0.0;6;0.0;0.0;6.0;6.0;0.0
1;3.0;3.0;8;3.0;0.0;11.0;8.0;-3.0
2;3.0;6.0;8;6.0;0.0;14.0;8.0;-7.0
3;1.0;7.0;8;7.0;0.0;15.0;8.0;-7.0
4;2.0;9.0;2;9.0;0.0;11.0;2.0;-2.0
5;1.0;10.0;2;10.0;0.0;12.0;2.0;-1.0
6;0.0;10.0;2;11.0;1.0;13.0;3.0;-1.0
7;0.0;10.0;7;11.0;1.0;18.0;8.0;-6.0
8;0.0;10.0;3;12.0;2.0;15.0;5.0;-3.0
9;3.0;13.0;2;13.0;0.0;15.0;2.0;-2.0
10;2.0;15.0;2;15.0;0.0;17.0;2.0;0.0
11;0.0;15.0;3;15.0;0.0;18.0;3.0;-3.0
12;2.0;17.0;4;17.0;0.0;21.0;4.0;-1.0
13;2.0;19.0;8;19.0;0.0;27.0;8.0;-5.0
14;2.0;21.0;6;21.0;0.0;27.0;6.0;-6.0
15;2.0;23.0;1;23.0;0.0;24.0;1.0;2.0
16;2.0;25.0;2;25.0;0.0;27.0;2.0;-2.0
17;1.0;26.0;3;26.0;0.0;29.0;3.0;-2.0
18;0.0;26.0;2;26.0;0.0;28.0;2.0;-1.0
19;3.0;29.0;8;29.0;0.0;37.0;8.0;-7.0
20;1.0;30.0;4;30.0;0.0;34.0;4.0;1.0
21;2.0;32.0;8;32.0;0.0;40.0;8.0;-6.0
22;0.0;32.0;8;32.0;0.0;40.0;8.0;-8.0
23;0.0;32.0;2;32.0;0.0;34.0;2.0;-2.0
24;1.0;33.0;4;34.0;1.0;38.0;5.0;-3.0
25;0.0;33.0;2;34.0;1.0;36.0;3.0;0.0
26;1.0;34.0;4;36.0;2.0;40.0;6.0;-4.0
27;3.0;37.0;4;37.0;0.0;41.0;4.0;-3.0
28;0.0;37.0;6;38.0;1.0;44.0;7.0;-3.0
29;3.0;40.0;4;40.0;0.0;44.0;4.0;-4.0
30;3.0;43.0;4;43.0;0.0;47.0;4.0;-1.0
31;3.0;46.0;6;46.0;0.0;52.0;6.0;-1.0
32;3.0;49.0;4;49.0;0.0;53.0;4.0;-3.0
33;2.0;51.0;6;51.0;0.0;57.0;6.0;-2.0
34;3.0;54.0;6;54.0;0.0;60.0;6.0;-5.0
35;2.0;56.0;3;56.0;0.0;59.0;3.0;-1.0
36;2.0;58.0;8;58.0;0.0;66.0;8.0;-6.0
37;3.0;61.0;3;61.0;0.0;64.0;3.0;1.0
38;0.0;61.0;6;61.0;0.0;67.0;6.0;-5.0
39;1.0;62.0;2;62.0;0.0;64.0;2.0;-2.0
40;0.0;62.0;4;62.0;0.0;66.0;4.0;-4.0
41;3.0;65.0;7;65.0;0.0;72.0;7.0;-5.0
42;1.0;66.0;6;66.0;0.0;72.0;6.0;-6.0
43;3.0;69.0;1;69.0;0.0;70.0;1.0;2.0
44;2.0;71.0;4;71.0;0.0;75.0;4.0;-1.0
45;3.0;74.0;5;74.0;0.0;79.0;5.0;-1.0
46;1.0;75.0;4;75.0;0.0;79.0;4.0;-4.0
47;3.0;78.0;3;78.0;0.0;81.0;3.0;-1.0
48;3.0;81.0;6;81.0;0.0;87.0;6.0;0.0
49;2.0;83.0;4;83.0;0.0;87.0;4.0;-4.0
50;0.0;83.0;5;83.0;0.0;88.0;5.0;-4.0
51;2.0;85.0;4;85.0;0.0;89.0;4.0;-3.0
52;3.0;88.0;3;88.0;0.0;91.0;3.0;-1.0
53;2.0;90.0;2;90.0;0.0;92.0;2.0;-1.0
54;3.0;93.0;2;93.0;0.0;95.0;2.0;1.0
55;1.0;94.0;6;94.0;0.0;100.0;6.0;-5.0
56;3.0;97.0;2;97.0;0.0;99.0;2.0;2.0
57;1.0;98.0;4;98.0;0.0;102.0;4.0;-2.0
58;1.0;99.0;5;99.0;0.0;104.0;5.0;-3.0
59;1.0;100.0;2;100.0;0.0;102.0;2.0;-2.0
60;2.0;102.0;7;102.0;0.0;109.0;7.0;-4.0
61;0.0;102.0;8;102.0;0.0;110.0;8.0;-7.0
62;3.0;105.0;1;105.0;0.0;106.0;1.0;1.0
63;0.0;105.0;7;105.0;0.0;112.0;7.0;-5.0
64;3.0;108.0;6;108.0;0.0;114.0;6.0;-5.0
65;2.0;110.0;3;110.0;0.0;113.0;3.0;-2.0
66;3.0;113.0;4;113.0;0.0;117.0;4.0;-1.0
67;1.0;114.0;3;114.0;0.0;117.0;3.0;-3.0
68;3.0;117.0;7;117.0;0.0;124.0;7.0;-3.0
69;0.0;117.0;3;117.0;0.0;120.0;3.0;0.0
70;2.0;119.0;7;119.0;0.0;126.0;7.0;-6.0
71;2.0;121.0;5;121.0;0.0;126.0;5.0;-5.0
72;1.0;122.0;7;122.0;0.0;129.0;7.0;-6.0
73;1.0;123.0;2;123.0;0.0;125.0;2.0;-1.0
74;0.0;123.0;3;124.0;1.0;127.0;4.0;-2.0
75;2.0;125.0;3;125.0;0.0;128.0;3.0;-2.0
76;2.0;127.0;3;127.0;0.0;130.0;3.0;-2.0
77;3.0;130.0;4;130.0;0.0;134.0;4.0;-2.0
78;0.0;130.0;2;130.0;0.0;132.0;2.0;0.0
79;2.0;132.0;8;132.0;0.0;140.0;8.0;-6.0
80;1.0;133.0;2;133.0;0.0;135.0;2.0;-1.0
81;0.0;133.0;2;133.0;0.0;135.0;2.0;-2.0
82;0.0;133.0;1;133.0;0.0;134.0;1.0;-1.0
83;0.0;133.0;4;134.0;1.0;138.0;5.0;-1.0
84;2.0;135.0;8;135.0;0.0;143.0;8.0;-6.0
85;2.0;137.0;3;137.0;0.0;140.0;3.0;-3.0
86;0.0;137.0;4;137.0;0.0;141.0;4.0;-3.0
87;1.0;138.0;8;138.0;0.0;146.0;8.0;-5.0
88;1.0;139.0;6;140.0;1.0;146.0;7.0;-6.0
89;3.0;142.0;7;142.0;0.0;149.0;7.0;-6.0
90;1.0;143.0;4;143.0;0.0;147.0;4.0;-3.0
91;1.0;144.0;6;144.0;0.0;150.0;6.0;-5.0
92;1.0;145.0;2;146.0;1.0;148.0;3.0;-1.0
93;1.0;146.0;6;146.0;0.0;152.0;6.0;-4.0
94;3.0;149.0;6;149.0;0.0;155.0;6.0;-3.0
95;1.0;150.0;7;150.0;0.0;157.0;7.0;-6.0
96;2.0;152.0;4;152.0;0.0;156.0;4.0;-3.0
97;1.0;153.0;4;153.0;0.0;157.0;4.0;-4.0
98;3.0;156.0;2;156.0;0.0;158.0;2.0;-1.0
99;1.0;157.0;4;157.0;0.0;161.0;4.0;-3.0
100;2.0;159.0;1;159.0;0.0;160.0;1.0;1.0
101;3.0;162.0;8;162.0;0.0;170.0;8.0;-7.0
102;0.0;162.0;6;162.0;0.0;168.0;6.0;1.0
103;3.0;165.0;6;165.0;0.0;171.0;6.0;-5.0
104;0.0;165.0;4;165.0;0.0;169.0;4.0;-3.0
105;1.0;166.0;3;166.0;0.0;169.0;3.0;-3.0
106;0.0;166.0;2;168.0;2.0;170.0;4.0;-2.0
107;2.0;168.0;6;169.0;1.0;175.0;7.0;-2.0
108;2.0;170.0;7;170.0;0.0;177.0;7.0;-6.0
109;2.0;172.0;5;172.0;0.0;177.0;5.0;-5.0
110;0.0;172.0;4;172.0;0.0;176.0;4.0;-3.0
111;3.0;175.0;8;175.0;0.0;183.0;8.0;-6.0
112;0.0;175.0;2;175.0;0.0;177.0;2.0;-2.0
113;0.0;175.0;8;176.0;1.0;184.0;9.0;-7.0
114;0.0;175.0;4;177.0;2.0;181.0;6.0;0.0
115;3.0;178.0;7;178.0;0.0;185.0;7.0;-6.0
116;0.0;178.0;3;178.0;0.0;181.0;3.0;-3.0
117;0.0;178.0;6;181.0;3.0;187.0;9.0;-4.0
118;1.0;179.0;8;181.0;2.0;189.0;10.0;-7.0
119;1.0;180.0;2;183.0;3.0;185.0;5.0;-2.0
120;3.0;183.0;4;184.0;1.0;188.0;5.0;-3.0
121;1.0;184.0;6;185.0;1.0;191.0;7.0;-5.0
122;2.0;186.0;4;186.0;0.0;190.0;4.0;-3.0
123;1.0;187.0;6;187.0;0.0;193.0;6.0;-5.0
124;1.0;188.0;4;188.0;0.0;192.0;4.0;-3.0
125;3.0;191.0;8;191.0;0.0;199.0;8.0;-7.0
126;1.0;192.0;6;192.0;0.0;198.0;6.0;-3.0
127;1.0;193.0;2;193.0;0.0;195.0;2.0;0.0
128;3.0;196.0;2;196.0;0.0;198.0;2.0;-2.0
129;3.0;199.0;4;199.0;0.0;203.0;4.0;0.0
130;2.0;201.0;2;201.0;0.0;203.0;2.0;-2.0
131;2.0;203.0;7;203.0;0.0;210.0;7.0;-5.0
132;1.0;204.0;4;204.0;0.0;208.0;4.0;1.0
133;1.0;205.0;6;205.0;0.0;211.0;6.0;-5.0
134;3.0;208.0;2;208.0;0.0;210.0;2.0;-2.0
135;1.0;209.0;2;209.0;0.0;211.0;2.0;-2.0
136;0.0;209.0;3;209.0;0.0;212.0;3.0;-2.0
137;2.0;211.0;2;211.0;0.0;213.0;2.0;-1.0
138;3.0;214.0;3;214.0;0.0;217.0;3.0;1.0
139;3.0;217.0;5;217.0;0.0;222.0;5.0;-4.0
140;1.0;218.0;3;218.0;0.0;221.0;3.0;1.0
141;1.0;219.0;2;219.0;0.0;221.0;2.0;-2.0
142;2.0;221.0;2;221.0;0.0;223.0;2.0;-1.0
143;0.0;221.0;6;221.0;0.0;227.0;6.0;-2.0
144;2.0;223.0;6;223.0;0.0;229.0;6.0;-5.0
145;1.0;224.0;4;224.0;0.0;228.0;4.0;-3.0
146;0.0;224.0;8;224.0;0.0;232.0;8.0;-7.0
147;0.0;224.0;4;224.0;0.0;228.0;4.0;-4.0
148;3.0;227.0;6;227.0;0.0;233.0;6.0;-5.0
149;0.0;227.0;2;228.0;1.0;230.0;3.0;-1.0
150;2.0;229.0;6;229.0;0.0;235.0;6.0;-4.0
151;0.0;229.0;2;229.0;0.0;231.0;2.0;-1.0
152;0.0;229.0;7;230.0;1.0;237.0;8.0;-5.0
153;1.0;230.0;2;231.0;1.0;233.0;3.0;-2.0
154;3.0;233.0;2;233.0;0.0;235.0;2.0;-2.0
155;3.0;236.0;7;236.0;0.0;243.0;7.0;-6.0
156;0.0;236.0;2;236.0;0.0;238.0;2.0;-1.0
157;1.0;237.0;2;237.0;0.0;239.0;2.0;-1.0
158;1.0;238.0;4;238.0;0.0;242.0;4.0;-1.0
159;3.0;241.0;6;241.0;0.0;247.0;6.0;-4.0
160;2.0;243.0;2;243.0;0.0;245.0;2.0;0.0
161;1.0;244.0;5;244.0;0.0;249.0;5.0;-3.0
162;1.0;245.0;2;245.0;0.0;247.0;2.0;-2.0
163;1.0;246.0;1;246.0;0.0;247.0;1.0;-1.0
164;3.0;249.0;2;249.0;0.0;251.0;2.0;0.0
165;0.0;249.0;6;249.0;0.0;255.0;6.0;-2.0
166;3.0;252.0;6;252.0;0.0;258.0;6.0;-3.0
167;3.0;255.0;6;255.0;0.0;261.0;6.0;-3.0
168;3.0;258.0;8;258.0;0.0;266.0;8.0;-3.0
169;3.0;261.0;6;261.0;0.0;267.0;6.0;-5.0
170;1.0;262.0;4;262.0;0.0;266.0;4.0;-4.0
171;3.0;265.0;6;265.0;0.0;271.0;6.0;-2.0
172;3.0;268.0;6;268.0;0.0;274.0;6.0;-5.0
173;3.0;271.0;2;271.0;0.0;273.0;2.0;0.0
174;3.0;274.0;4;274.0;0.0;278.0;4.0;0.0
175;2.0;276.0;3;276.0;0.0;279.0;3.0;-2.0
176;2.0;278.0;4;278.0;0.0;282.0;4.0;-1.0
177;0.0;278.0;4;278.0;0.0;282.0;4.0;-4.0
178;2.0;280.0;2;280.0;0.0;282.0;2.0;-2.0
179;3.0;283.0;6;283.0;0.0;289.0;6.0;1.0
180;2.0;285.0;4;285.0;0.0;289.0;4.0;-4.0
181;1.0;286.0;4;286.0;0.0;290.0;4.0;-3.0
182;2.0;288.0;4;288.0;0.0;292.0;4.0;-2.0
183;3.0;291.0;2;291.0;0.0;293.0;2.0;-1.0
184;3.0;294.0;3;294.0;0.0;297.0;3.0;1.0
185;1.0;295.0;4;295.0;0.0;299.0;4.0;-2.0
186;1.0;296.0;6;296.0;0.0;302.0;6.0;-5.0
187;1.0;297.0;4;297.0;0.0;301.0;4.0;-2.0
188;2.0;299.0;7;299.0;0.0;306.0;7.0;-3.0
189;3.0;302.0;4;302.0;0.0;306.0;4.0;-4.0
190;3.0;305.0;4;305.0;0.0;309.0;4.0;-1.0
191;1.0;306.0;6;306.0;0.0;312.0;6.0;-5.0
192;0.0;306.0;4;306.0;0.0;310.0;4.0;-3.0
193;3.0;309.0;2;309.0;0.0;311.0;2.0;-1.0
194;3.0;312.0;4;312.0;0.0;316.0;4.0;0.0
195;0.0;312.0;7;312.0;0.0;319.0;7.0;-6.0
196;0.0;312.0;6;312.0;0.0;318.0;6.0;-5.0
197;1.0;313.0;4;313.0;0.0;317.0;4.0;-3.0
198;1.0;314.0;4;314.0;0.0;318.0;4.0;-4.0
199;3.0;317.0;4;317.0;0.0;321.0;4.0;-2.0
200;2.0;319.0;4;319.0;0.0;323.0;4.0;-2.0
201;2.0;321.0;4;321.0;0.0;325.0;4.0;-2.0
202;2.0;323.0;2;323.0;0.0;325.0;2.0;-2.0
203;1.0;324.0;2;324.0;0.0;326.0;2.0;-1.0
204;0.0;324.0;8;324.0;0.0;332.0;8.0;-7.0
205;0.0;324.0;7;324.0;0.0;331.0;7.0;-4.0
206;0.0;324.0;2;325.0;1.0;327.0;3.0;-1.0
207;1.0;325.0;3;325.0;0.0;328.0;3.0;-2.0
208;1.0;326.0;6;326.0;0.0;332.0;6.0;-6.0
209;0.0;326.0;1;327.0;1.0;328.0;2.0;-1.0
210;2.0;328.0;7;328.0;0.0;335.0;7.0;-5.0
211;2.0;330.0;3;330.0;0.0;333.0;3.0;-2.0
212;3.0;333.0;5;333.0;0.0;338.0;5.0;-4.0
213;0.0;333.0;4;333.0;0.0;337.0;4.0;-2.0
214;1.0;334.0;3;334.0;0.0;337.0;3.0;-3.0
215;0.0;334.0;6;334.0;0.0;340.0;6.0;-5.0
216;3.0;337.0;2;337.0;0.0;339.0;2.0;-1.0
217;3.0;340.0;6;340.0;0.0;346.0;6.0;0.0
218;2.0;342.0;8;342.0;0.0;350.0;8.0;-5.0
219;3.0;345.0;2;345.0;0.0;347.0;2.0;-1.0
220;3.0;348.0;6;348.0;0.0;354.0;6.0;-5.0
221;1.0;349.0;4;349.0;0.0;353.0;4.0;-1.0
222;1.0;350.0;6;350.0;0.0;356.0;6.0;-4.0
223;3.0;353.0;8;353.0;0.0;361.0;8.0;-6.0
224;3.0;356.0;3;356.0;0.0;359.0;3.0;0.0
225;3.0;359.0;2;359.0;0.0;361.0;2.0;-2.0
226;1.0;360.0;3;360.0;0.0;363.0;3.0;-1.0
227;0.0;360.0;7;360.0;0.0;367.0;7.0;-3.0
228;2.0;362.0;7;362.0;0.0;369.0;7.0;-5.0
229;1.0;363.0;4;363.0;0.0;367.0;4.0;-4.0
230;0.0;363.0;6;363.0;0.0;369.0;6.0;-6.0
231;0.0;363.0;6;363.0;0.0;369.0;6.0;-6.0
232;1.0;364.0;2;367.0;3.0;369.0;5.0;-2.0
233;1.0;365.0;2;367.0;2.0;369.0;4.0;-2.0
234;2.0;367.0;2;369.0;2.0;371.0;4.0;0.0
235;2.0;369.0;8;369.0;0.0;377.0;8.0;-4.0
236;2.0;371.0;7;371.0;0.0;378.0;7.0;-6.0
237;0.0;371.0;2;371.0;0.0;373.0;2.0;0.0
238;3.0;374.0;4;374.0;0.0;378.0;4.0;-4.0
239;0.0;374.0;6;374.0;0.0;380.0;6.0;-5.0
240;3.0;377.0;2;377.0;0.0;379.0;2.0;-1.0
241;3.0;380.0;5;380.0;0.0;385.0;5.0;0.0
242;1.0;381.0;6;381.0;0.0;387.0;6.0;-4.0
243;3.0;384.0;4;384.0;0.0;388.0;4.0;-3.0
244;0.0;384.0;4;384.0;0.0;388.0;4.0;-4.0
245;1.0;385.0;6;385.0;0.0;391.0;6.0;-5.0
246;0.0;385.0;2;385.0;0.0;387.0;2.0;-2.0
247;0.0;385.0;3;387.0;2.0;390.0;5.0;-1.0
248;3.0;388.0;4;388.0;0.0;392.0;4.0;-3.0
249;2.0;390.0;3;390.0;0.0;393.0;3.0;-2.0
250;3.0;393.0;8;393.0;0.0;401.0;8.0;-6.0
251;0.0;393.0;6;393.0;0.0;399.0;6.0;-4.0
252;1.0;394.0;3;394.0;0.0;397.0;3.0;1.0
253;0.0;394.0;8;394.0;0.0;402.0;8.0;-7.0
254;3.0;397.0;4;397.0;0.0;401.0;4.0;-4.0
255;0.0;397.0;6;397.0;0.0;403.0;6.0;-5.0
256;1.0;398.0;4;399.0;1.0;403.0;5.0;-4.0
257;0.0;398.0;6;401.0;3.0;407.0;9.0;-5.0
258;2.0;400.0;2;401.0;1.0;403.0;3.0;-2.0
259;0.0;400.0;6;402.0;2.0;408.0;8.0;-5.0
260;0.0;400.0;3;403.0;3.0;406.0;6.0;0.0
261;1.0;401.0;6;403.0;2.0;409.0;8.0;-5.0
262;0.0;401.0;3;403.0;2.0;406.0;5.0;-3.0
263;1.0;402.0;7;406.0;4.0;413.0;11.0;-4.0
264;1.0;403.0;4;406.0;3.0;410.0;7.0;-3.0
265;3.0;406.0;6;407.0;1.0;413.0;7.0;-6.0
266;0.0;406.0;7;408.0;2.0;415.0;9.0;-5.0
267;3.0;409.0;4;409.0;0.0;413.0;4.0;-4.0
268;1.0;410.0;3;410.0;0.0;413.0;3.0;-3.0
269;3.0;413.0;3;413.0;0.0;416.0;3.0;-2.0
270;3.0;416.0;3;416.0;0.0;419.0;3.0;0.0
271;1.0;417.0;6;417.0;0.0;423.0;6.0;-2.0
272;3.0;420.0;6;420.0;0.0;426.0;6.0;-3.0
273;1.0;421.0;6;421.0;0.0;427.0;6.0;-5.0
274;3.0;424.0;7;424.0;0.0;431.0;7.0;-6.0
275;3.0;427.0;3;427.0;0.0;430.0;3.0;0.0
276;0.0;427.0;6;427.0;0.0;433.0;6.0;-5.0
277;2.0;429.0;3;429.0;0.0;432.0;3.0;-2.0
278;3.0;432.0;8;432.0;0.0;440.0;8.0;-4.0
279;3.0;435.0;1;435.0;0.0;436.0;1.0;2.0
280;2.0;437.0;7;437.0;0.0;444.0;7.0;-3.0
281;1.0;438.0;6;438.0;0.0;444.0;6.0;-6.0
282;2.0;440.0;4;440.0;0.0;444.0;4.0;-4.0
283;2.0;442.0;4;442.0;0.0;446.0;4.0;-2.0
284;3.0;445.0;6;445.0;0.0;451.0;6.0;-4.0
285;2.0;447.0;2;447.0;0.0;449.0;2.0;1.0
286;1.0;448.0;6;448.0;0.0;454.0;6.0;-5.0
287;1.0;449.0;4;449.0;0.0;453.0;4.0;-2.0
288;2.0;451.0;8;451.0;0.0;459.0;8.0;-6.0
289;2.0;453.0;4;453.0;0.0;457.0;4.0;-1.0
290;3.0;456.0;5;456.0;0.0;461.0;5.0;-3.0
291;3.0;459.0;4;459.0;0.0;463.0;4.0;-3.0
292;2.0;461.0;1;461.0;0.0;462.0;1.0;0.0
293;1.0;462.0;4;462.0;0.0;466.0;4.0;-1.0
294;2.0;464.0;6;464.0;0.0;470.0;6.0;-5.0
295;0.0;464.0;8;464.0;0.0;472.0;8.0;-6.0
296;2.0;466.0;2;466.0;0.0;468.0;2.0;0.0
297;1.0;467.0;2;467.0;0.0;469.0;2.0;-1.0
298;2.0;469.0;8;469.0;0.0;477.0;8.0;-7.0
299;1.0;470.0;6;470.0;0.0;476.0;6.0;-2.0
300;1.0;471.0;5;471.0;0.0;476.0;5.0;-5.0
301;3.0;474.0;2;474.0;0.0;476.0;2.0;-2.0
302;2.0;476.0;7;476.0;0.0;483.0;7.0;-2.0
303;0.0;476.0;2;476.0;0.0;478.0;2.0;-1.0
304;2.0;478.0;5;478.0;0.0;483.0;5.0;-5.0
305;0.0;478.0;7;478.0;0.0;485.0;7.0;-5.0
306;1.0;479.0;4;479.0;0.0;483.0;4.0;-4.0
307;1.0;480.0;3;480.0;0.0;483.0;3.0;-3.0
308;3.0;483.0;2;483.0;0.0;485.0;2.0;-2.0
309;2.0;485.0;4;485.0;0.0;489.0;4.0;0.0
310;0.0;485.0;6;485.0;0.0;491.0;6.0;-4.0
311;3.0;488.0;6;488.0;0.0;494.0;6.0;-3.0
312;2.0;490.0;4;490.0;0.0;494.0;4.0;-4.0
313;2.0;492.0;4;492.0;0.0;496.0;4.0;-2.0
314;0.0;492.0;6;492.0;0.0;498.0;6.0;-4.0
315;0.0;492.0;4;492.0;0.0;496.0;4.0;-4.0
316;0.0;492.0;7;494.0;2.0;501.0;9.0;-6.0
317;0.0;492.0;6;494.0;2.0;500.0;8.0;-4.0
318;0.0;492.0;6;496.0;4.0;502.0;10.0;-5.0
319;3.0;495.0;7;496.0;1.0;503.0;8.0;-6.0
320;3.0;498.0;4;498.0;0.0;502.0;4.0;-4.0
321;3.0;501.0;4;501.0;0.0;505.0;4.0;-2.0
322;0.0;501.0;6;501.0;0.0;507.0;6.0;-4.0
323;1.0;502.0;3;502.0;0.0;505.0;3.0;-3.0
324;2.0;504.0;3;504.0;0.0;507.0;3.0;-3.0
325;0.0;504.0;4;504.0;0.0;508.0;4.0;-3.0
326;3.0;507.0;4;507.0;0.0;511.0;4.0;-3.0
327;1.0;508.0;2;508.0;0.0;510.0;2.0;0.0
328;2.0;510.0;6;510.0;0.0;516.0;6.0;-4.0
329;2.0;512.0;2;512.0;0.0;514.0;2.0;1.0
330;0.0;512.0;6;512.0;0.0;518.0;6.0;-4.0
331;3.0;515.0;1;515.0;0.0;516.0;1.0;-1.0
332;2.0;517.0;6;517.0;0.0;523.0;6.0;-5.0
333;1.0;518.0;4;518.0;0.0;522.0;4.0;0.0
334;3.0;521.0;4;521.0;0.0;525.0;4.0;-2.0
335;0.0;521.0;1;521.0;0.0;522.0;1.0;-1.0
336;1.0;522.0;8;522.0;0.0;530.0;8.0;-6.0
337;1.0;523.0;4;523.0;0.0;527.0;4.0;-2.0
338;1.0;524.0;4;524.0;0.0;528.0;4.0;-3.0
339;0.0;524.0;8;524.0;0.0;532.0;8.0;-7.0
340;2.0;526.0;7;526.0;0.0;533.0;7.0;-6.0
341;1.0;527.0;8;527.0;0.0;535.0;8.0;-6.0
342;3.0;530.0;1;530.0;0.0;531.0;1.0;0.0
343;2.0;532.0;6;532.0;0.0;538.0;6.0;-4.0
344;2.0;534.0;2;534.0;0.0;536.0;2.0;-1.0
345;3.0;537.0;6;537.0;0.0;543.0;6.0;-4.0
346;2.0;539.0;4;539.0;0.0;543.0;4.0;-4.0
347;0.0;539.0;2;539.0;0.0;541.0;2.0;1.0
348;3.0;542.0;8;542.0;0.0;550.0;8.0;-6.0
349;0.0;542.0;4;542.0;0.0;546.0;4.0;-1.0
350;0.0;542.0;4;542.0;0.0;546.0;4.0;-4.0
351;2.0;544.0;4;544.0;0.0;548.0;4.0;-2.0
352;3.0;547.0;6;547.0;0.0;553.0;6.0;-3.0
353;2.0;549.0;4;549.0;0.0;553.0;4.0;-4.0
354;1.0;550.0;6;550.0;0.0;556.0;6.0;-4.0
355;0.0;550.0;4;550.0;0.0;554.0;4.0;-3.0
356;3.0;553.0;4;553.0;0.0;557.0;4.0;-3.0
357;1.0;554.0;6;554.0;0.0;560.0;6.0;-5.0
358;3.0;557.0;2;557.0;0.0;559.0;2.0;0.0
359;2.0;559.0;1;559.0;0.0;560.0;1.0;-1.0
360;2.0;561.0;3;561.0;0.0;564.0;3.0;1.0
361;3.0;564.0;2;564.0;0.0;566.0;2.0;0.0
362;3.0;567.0;6;567.0;0.0;573.0;6.0;1.0
363;3.0;570.0;4;570.0;0.0;574.0;4.0;-3.0
364;2.0;572.0;6;572.0;0.0;578.0;6.0;-2.0
365;3.0;575.0;4;575.0;0.0;579.0;4.0;-3.0
366;1.0;576.0;2;576.0;0.0;578.0;2.0;-2.0
367;3.0;579.0;2;579.0;0.0;581.0;2.0;0.0
368;2.0;581.0;3;581.0;0.0;584.0;3.0;0.0
369;1.0;582.0;4;582.0;0.0;586.0;4.0;-2.0
370;1.0;583.0;6;583.0;0.0;589.0;6.0;-5.0
371;1.0;584.0;4;584.0;0.0;588.0;4.0;-2.0
372;1.0;585.0;4;585.0;0.0;589.0;4.0;-4.0
373;1.0;586.0;4;586.0;0.0;590.0;4.0;-3.0
374;0.0;586.0;5;586.0;0.0;591.0;5.0;-4.0
375;0.0;586.0;3;588.0;2.0;591.0;5.0;-3.0
376;1.0;587.0;2;589.0;2.0;591.0;4.0;-2.0
377;2.0;589.0;4;589.0;0.0;593.0;4.0;-2.0
378;1.0;590.0;8;590.0;0.0;598.0;8.0;-5.0
379;2.0;592.0;3;592.0;0.0;595.0;3.0;-1.0
380;1.0;593.0;6;593.0;0.0;599.0;6.0;-5.0
381;3.0;596.0;8;596.0;0.0;604.0;8.0;-3.0
382;3.0;599.0;6;599.0;0.0;605.0;6.0;-5.0
383;3.0;602.0;4;602.0;0.0;606.0;4.0;-3.0
384;0.0;602.0;6;602.0;0.0;608.0;6.0;-4.0
385;3.0;605.0;6;605.0;0.0;611.0;6.0;-4.0
386;3.0;608.0;4;608.0;0.0;612.0;4.0;-3.0
387;0.0;608.0;1;608.0;0.0;609.0;1.0;0.0
388;1.0;609.0;4;609.0;0.0;613.0;4.0;-3.0
389;2.0;611.0;3;611.0;0.0;614.0;3.0;-2.0
390;1.0;612.0;1;612.0;0.0;613.0;1.0;-1.0
391;3.0;615.0;1;615.0;0.0;616.0;1.0;1.0
392;2.0;617.0;5;617.0;0.0;622.0;5.0;-4.0
393;0.0;617.0;4;617.0;0.0;621.0;4.0;1.0
394;2.0;619.0;4;619.0;0.0;623.0;4.0;-3.0
395;1.0;620.0;3;620.0;0.0;623.0;3.0;-3.0
396;3.0;623.0;4;623.0;0.0;627.0;4.0;0.0
397;1.0;624.0;6;624.0;0.0;630.0;6.0;-5.0
398;1.0;625.0;8;625.0;0.0;633.0;8.0;-6.0
399;0.0;625.0;8;625.0;0.0;633.0;8.0;-8.0
400;2.0;627.0;2;627.0;0.0;629.0;2.0;0.0
401;0.0;627.0;4;627.0;0.0;631.0;4.0;-3.0
402;1.0;628.0;2;629.0;1.0;631.0;3.0;-2.0
403;1.0;629.0;8;630.0;1.0;638.0;9.0;-5.0
404;2.0;631.0;2;631.0;0.0;633.0;2.0;-2.0
405;0.0;631.0;8;631.0;0.0;639.0;8.0;-7.0
406;2.0;633.0;5;633.0;0.0;638.0;5.0;-5.0
407;0.0;633.0;2;633.0;0.0;635.0;2.0;0.0
408;1.0;634.0;7;634.0;0.0;641.0;7.0;-5.0
409;3.0;637.0;2;637.0;0.0;639.0;2.0;-2.0
410;3.0;640.0;2;640.0;0.0;642.0;2.0;-1.0
411;2.0;642.0;7;642.0;0.0;649.0;7.0;-3.0
412;1.0;643.0;7;643.0;0.0;650.0;7.0;-6.0
413;1.0;644.0;1;644.0;0.0;645.0;1.0;2.0
414;2.0;646.0;3;646.0;0.0;649.0;3.0;-3.0
415;0.0;646.0;3;646.0;0.0;649.0;3.0;-3.0
416;2.0;648.0;8;648.0;0.0;656.0;8.0;-5.0
417;0.0;648.0;7;649.0;1.0;656.0;8.0;-7.0
418;0.0;648.0;3;649.0;1.0;652.0;4.0;-1.0
419;0.0;648.0;4;649.0;1.0;653.0;5.0;-3.0
420;2.0;650.0;3;650.0;0.0;653.0;3.0;-3.0
421;3.0;653.0;4;653.0;0.0;657.0;4.0;-3.0
422;2.0;655.0;3;655.0;0.0;658.0;3.0;-2.0
423;2.0;657.0;1;657.0;0.0;658.0;1.0;-1.0
424;2.0;659.0;5;659.0;0.0;664.0;5.0;1.0
425;3.0;662.0;3;662.0;0.0;665.0;3.0;-2.0
426;1.0;663.0;3;663.0;0.0;666.0;3.0;-2.0
427;0.0;663.0;2;663.0;0.0;665.0;2.0;-2.0
428;2.0;665.0;7;665.0;0.0;672.0;7.0;-6.0
429;0.0;665.0;3;665.0;0.0;668.0;3.0;-1.0
430;0.0;665.0;3;665.0;0.0;668.0;3.0;-3.0
431;1.0;666.0;4;666.0;0.0;670.0;4.0;-2.0
432;1.0;667.0;4;667.0;0.0;671.0;4.0;-3.0
433;2.0;669.0;6;669.0;0.0;675.0;6.0;-5.0
434;1.0;670.0;4;670.0;0.0;674.0;4.0;-2.0
435;0.0;670.0;4;670.0;0.0;674.0;4.0;-4.0
436;1.0;671.0;1;671.0;0.0;672.0;1.0;-1.0
437;3.0;674.0;1;674.0;0.0;675.0;1.0;-1.0
438;1.0;675.0;8;675.0;0.0;683.0;8.0;-7.0
439;1.0;676.0;6;676.0;0.0;682.0;6.0;1.0
440;3.0;679.0;4;679.0;0.0;683.0;4.0;-4.0
441;2.0;681.0;6;681.0;0.0;687.0;6.0;-2.0
442;3.0;684.0;4;684.0;0.0;688.0;4.0;-3.0
443;1.0;685.0;8;685.0;0.0;693.0;8.0;-3.0
444;1.0;686.0;2;686.0;0.0;688.0;2.0;-2.0
445;3.0;689.0;6;689.0;0.0;695.0;6.0;-4.0
446;3.0;692.0;7;692.0;0.0;699.0;7.0;-4.0
447;1.0;693.0;7;693.0;0.0;700.0;7.0;-6.0
448;1.0;694.0;6;694.0;0.0;700.0;6.0;-6.0
449;0.0;694.0;2;694.0;0.0;696.0;2.0;-1.0
450;2.0;696.0;8;696.0;0.0;704.0;8.0;-4.0
451;2.0;698.0;6;698.0;0.0;704.0;6.0;-6.0
452;0.0;698.0;6;699.0;1.0;705.0;7.0;-5.0
453;3.0;701.0;6;701.0;0.0;707.0;6.0;-4.0
454;3.0;704.0;1;704.0;0.0;705.0;1.0;-1.0
455;1.0;705.0;5;705.0;0.0;710.0;5.0;-2.0
456;1.0;706.0;4;706.0;0.0;710.0;4.0;-4.0
457;3.0;709.0;4;709.0;0.0;713.0;4.0;-1.0
458;2.0;711.0;7;711.0;0.0;718.0;7.0;-6.0
459;3.0;714.0;4;714.0;0.0;718.0;4.0;-4.0
460;1.0;715.0;2;715.0;0.0;717.0;2.0;2.0
461;3.0;718.0;4;718.0;0.0;722.0;4.0;0.0
462;2.0;720.0;6;720.0;0.0;726.0;6.0;-4.0
463;0.0;720.0;4;720.0;0.0;724.0;4.0;-2.0
464;2.0;722.0;6;722.0;0.0;728.0;6.0;-4.0
465;3.0;725.0;1;725.0;0.0;726.0;1.0;-1.0
466;1.0;726.0;7;726.0;0.0;733.0;7.0;-3.0
467;0.0;726.0;3;726.0;0.0;729.0;3.0;-2.0
468;3.0;729.0;4;729.0;0.0;733.0;4.0;-4.0
469;0.0;729.0;6;729.0;0.0;735.0;6.0;-4.0
470;1.0;730.0;6;730.0;0.0;736.0;6.0;-5.0
471;0.0;730.0;7;730.0;0.0;737.0;7.0;-6.0
472;0.0;730.0;7;733.0;3.0;740.0;10.0;-4.0
473;3.0;733.0;8;733.0;0.0;741.0;8.0;-7.0
474;2.0;735.0;8;735.0;0.0;743.0;8.0;-6.0
475;1.0;736.0;4;736.0;0.0;740.0;4.0;-4.0
476;0.0;736.0;4;737.0;1.0;741.0;5.0;-4.0
477;0.0;736.0;6;740.0;4.0;746.0;10.0;-5.0
478;1.0;737.0;1;740.0;3.0;741.0;4.0;-1.0
479;0.0;737.0;5;741.0;4.0;746.0;9.0;-5.0
480;1.0;738.0;6;741.0;3.0;747.0;9.0;-5.0
481;1.0;739.0;4;741.0;2.0;745.0;6.0;-2.0
482;0.0;739.0;8;743.0;4.0;751.0;12.0;-4.0
483;3.0;742.0;6;745.0;3.0;751.0;9.0;-6.0
484;1.0;743.0;6;746.0;3.0;752.0;9.0;-5.0
485;2.0;745.0;8;746.0;1.0;754.0;9.0;-6.0
486;2.0;747.0;5;747.0;0.0;752.0;5.0;-5.0
487;2.0;749.0;6;751.0;2.0;757.0;8.0;-5.0
488;2.0;751.0;3;751.0;0.0;754.0;3.0;-3.0
489;0.0;751.0;8;752.0;1.0;760.0;9.0;-7.0
490;0.0;751.0;2;752.0;1.0;754.0;3.0;-2.0
491;3.0;754.0;4;754.0;0.0;758.0;4.0;-3.0
492;0.0;754.0;2;754.0;0.0;756.0;2.0;0.0
493;1.0;755.0;4;755.0;0.0;759.0;4.0;-3.0
494;0.0;755.0;3;756.0;1.0;759.0;4.0;-3.0
495;0.0;755.0;4;757.0;2.0;761.0;6.0;-3.0
496;1.0;756.0;3;758.0;2.0;761.0;5.0;-3.0
497;2.0;758.0;6;759.0;1.0;765.0;7.0;-2.0
498;3.0;761.0;8;761.0;0.0;769.0;8.0;-7.0
499;0.0;761.0;7;761.0;0.0;768.0;7.0;-6.0
500;0.0;761.0;6;761.0;0.0;767.0;6.0;-4.0
501;2.0;763.0;5;763.0;0.0;768.0;5.0;-5.0
502;3.0;766.0;8;766.0;0.0;774.0;8.0;-3.0
503;3.0;769.0;5;769.0;0.0;774.0;5.0;-5.0
504;2.0;771.0;6;771.0;0.0;777.0;6.0;-3.0
505;0.0;771.0;8;771.0;0.0;779.0;8.0;-6.0
506;2.0;773.0;1;773.0;0.0;774.0;1.0;-1.0
507;3.0;776.0;4;776.0;0.0;780.0;4.0;-3.0
508;1.0;777.0;4;777.0;0.0;781.0;4.0;-3.0
509;1.0;778.0;6;778.0;0.0;784.0;6.0;-5.0
510;1.0;779.0;4;779.0;0.0;783.0;4.0;-2.0
511;2.0;781.0;4;781.0;0.0;785.0;4.0;-3.0
512;1.0;782.0;4;782.0;0.0;786.0;4.0;-3.0
513;3.0;785.0;4;785.0;0.0;789.0;4.0;-1.0
514;3.0;788.0;6;788.0;0.0;794.0;6.0;-5.0
515;1.0;789.0;4;789.0;0.0;793.0;4.0;-3.0
516;1.0;790.0;2;790.0;0.0;792.0;2.0;1.0
517;2.0;792.0;4;792.0;0.0;796.0;4.0;-2.0
518;0.0;792.0;7;792.0;0.0;799.0;7.0;-4.0
519;1.0;793.0;6;793.0;0.0;799.0;6.0;-6.0
520;1.0;794.0;6;794.0;0.0;800.0;6.0;-5.0
521;3.0;797.0;7;797.0;0.0;804.0;7.0;-6.0
522;2.0;799.0;4;799.0;0.0;803.0;4.0;-1.0
523;1.0;800.0;8;800.0;0.0;808.0;8.0;-7.0
524;0.0;800.0;7;800.0;0.0;807.0;7.0;-4.0
525;0.0;800.0;4;800.0;0.0;804.0;4.0;-4.0
526;2.0;802.0;6;803.0;1.0;809.0;7.0;-5.0
527;1.0;803.0;5;804.0;1.0;809.0;6.0;-5.0
528;1.0;804.0;8;804.0;0.0;812.0;8.0;-7.0
529;1.0;805.0;4;807.0;2.0;811.0;6.0;-2.0
530;0.0;805.0;1;808.0;3.0;809.0;4.0;-1.0
531;3.0;808.0;3;809.0;1.0;812.0;4.0;-3.0
532;1.0;809.0;2;809.0;0.0;811.0;2.0;-2.0
533;2.0;811.0;4;811.0;0.0;815.0;4.0;-1.0
534;0.0;811.0;6;811.0;0.0;817.0;6.0;-4.0
535;3.0;814.0;4;814.0;0.0;818.0;4.0;-3.0
536;0.0;814.0;4;814.0;0.0;818.0;4.0;-4.0
537;0.0;814.0;7;814.0;0.0;821.0;7.0;-4.0
538;3.0;817.0;1;817.0;0.0;818.0;1.0;-1.0
539;2.0;819.0;6;819.0;0.0;825.0;6.0;-3.0
540;2.0;821.0;1;821.0;0.0;822.0;1.0;0.0
541;1.0;822.0;6;822.0;0.0;828.0;6.0;-5.0
542;1.0;823.0;4;823.0;0.0;827.0;4.0;-2.0
543;2.0;825.0;7;825.0;0.0;832.0;7.0;-3.0
544;2.0;827.0;1;827.0;0.0;828.0;1.0;-1.0
545;3.0;830.0;3;830.0;0.0;833.0;3.0;-2.0
546;2.0;832.0;7;832.0;0.0;839.0;7.0;-6.0
547;2.0;834.0;3;834.0;0.0;837.0;3.0;1.0
548;0.0;834.0;8;834.0;0.0;842.0;8.0;-6.0
549;0.0;834.0;4;834.0;0.0;838.0;4.0;-3.0
550;0.0;834.0;4;834.0;0.0;838.0;4.0;-4.0
551;1.0;835.0;6;837.0;2.0;843.0;8.0;-5.0
552;0.0;835.0;2;838.0;3.0;840.0;5.0;-1.0
553;2.0;837.0;4;838.0;1.0;842.0;5.0;-4.0
554;0.0;837.0;8;839.0;2.0;847.0;10.0;-6.0
555;0.0;837.0;4;840.0;3.0;844.0;7.0;-3.0
556;1.0;838.0;3;842.0;4.0;845.0;7.0;-2.0
557;3.0;841.0;6;842.0;1.0;848.0;7.0;-5.0
558;2.0;843.0;2;843.0;0.0;845.0;2.0;-2.0
559;3.0;846.0;6;846.0;0.0;852.0;6.0;-2.0
560;3.0;849.0;3;849.0;0.0;852.0;3.0;-3.0
561;2.0;851.0;7;851.0;0.0;858.0;7.0;-1.0
562;2.0;853.0;6;853.0;0.0;859.0;6.0;-5.0
563;2.0;855.0;7;855.0;0.0;862.0;7.0;-6.0
564;0.0;855.0;6;855.0;0.0;861.0;6.0;-4.0
565;3.0;858.0;4;858.0;0.0;862.0;4.0;-4.0
566;3.0;861.0;6;861.0;0.0;867.0;6.0;-4.0
567;1.0;862.0;2;862.0;0.0;864.0;2.0;0.0
568;0.0;862.0;3;862.0;0.0;865.0;3.0;-2.0
569;2.0;864.0;4;864.0;0.0;868.0;4.0;-3.0
570;1.0;865.0;6;865.0;0.0;871.0;6.0;-3.0
571;2.0;867.0;4;867.0;0.0;871.0;4.0;-4.0
572;1.0;868.0;7;868.0;0.0;875.0;7.0;-3.0
573;2.0;870.0;1;870.0;0.0;871.0;1.0;-1.0
574;3.0;873.0;4;873.0;0.0;877.0;4.0;-2.0
575;3.0;876.0;8;876.0;0.0;884.0;8.0;-7.0
576;3.0;879.0;4;879.0;0.0;883.0;4.0;2.0
577;3.0;882.0;8;882.0;0.0;890.0;8.0;-3.0
578;2.0;884.0;1;884.0;0.0;885.0;1.0;0.0
579;2.0;886.0;6;886.0;0.0;892.0;6.0;-4.0
580;1.0;887.0;6;887.0;0.0;893.0;6.0;-5.0
581;2.0;889.0;3;889.0;0.0;892.0;3.0;-3.0
582;2.0;891.0;4;891.0;0.0;895.0;4.0;-2.0
583;0.0;891.0;4;891.0;0.0;895.0;4.0;-4.0
584;1.0;892.0;7;892.0;0.0;899.0;7.0;-5.0
585;2.0;894.0;6;894.0;0.0;900.0;6.0;-5.0
586;0.0;894.0;3;894.0;0.0;897.0;3.0;-1.0
587;2.0;896.0;1;896.0;0.0;897.0;1.0;-1.0
588;3.0;899.0;1;899.0;0.0;900.0;1.0;-1.0
589;3.0;902.0;6;902.0;0.0;908.0;6.0;2.0
590;0.0;902.0;8;902.0;0.0;910.0;8.0;-6.0
591;3.0;905.0;6;905.0;0.0;911.0;6.0;-5.0
592;1.0;906.0;2;906.0;0.0;908.0;2.0;-2.0
593;3.0;909.0;2;909.0;0.0;911.0;2.0;-2.0
594;0.0;909.0;6;909.0;0.0;915.0;6.0;-2.0
595;1.0;910.0;7;910.0;0.0;917.0;7.0;-6.0
596;3.0;913.0;3;913.0;0.0;916.0;3.0;-2.0
597;1.0;914.0;6;914.0;0.0;920.0;6.0;-3.0
598;2.0;916.0;6;916.0;0.0;922.0;6.0;-4.0
599;2.0;918.0;6;918.0;0.0;924.0;6.0;-5.0
600;1.0;919.0;4;919.0;0.0;923.0;4.0;-3.0
601;1.0;920.0;8;920.0;0.0;928.0;8.0;-4.0
602;3.0;923.0;8;923.0;0.0;931.0;8.0;-7.0
603;3.0;926.0;4;926.0;0.0;930.0;4.0;-2.0
604;0.0;926.0;6;926.0;0.0;932.0;6.0;-5.0
605;0.0;926.0;6;926.0;0.0;932.0;6.0;-6.0
606;0.0;926.0;3;928.0;2.0;931.0;5.0;-3.0
607;3.0;929.0;2;930.0;1.0;932.0;3.0;-2.0
608;1.0;930.0;4;931.0;1.0;935.0;5.0;-2.0
609;0.0;930.0;2;931.0;1.0;933.0;3.0;-1.0
610;3.0;933.0;3;933.0;0.0;936.0;3.0;-2.0
611;3.0;936.0;4;936.0;0.0;940.0;4.0;0.0
612;2.0;938.0;4;938.0;0.0;942.0;4.0;-2.0
613;3.0;941.0;4;941.0;0.0;945.0;4.0;-1.0
614;2.0;943.0;3;943.0;0.0;946.0;3.0;-2.0
615;2.0;945.0;7;945.0;0.0;952.0;7.0;-4.0
616;2.0;947.0;2;947.0;0.0;949.0;2.0;-1.0
617;0.0;947.0;1;947.0;0.0;948.0;1.0;1.0
618;3.0;950.0;4;950.0;0.0;954.0;4.0;-2.0
619;1.0;951.0;5;951.0;0.0;956.0;5.0;-3.0
620;1.0;952.0;4;952.0;0.0;956.0;4.0;-4.0
621;1.0;953.0;4;953.0;0.0;957.0;4.0;-3.0
622;1.0;954.0;2;954.0;0.0;956.0;2.0;-2.0
623;3.0;957.0;8;957.0;0.0;965.0;8.0;-6.0
624;3.0;960.0;3;960.0;0.0;963.0;3.0;3.0
625;1.0;961.0;6;961.0;0.0;967.0;6.0;-4.0
626;1.0;962.0;8;962.0;0.0;970.0;8.0;-5.0
627;3.0;965.0;2;965.0;0.0;967.0;2.0;-2.0
628;3.0;968.0;4;968.0;0.0;972.0;4.0;-2.0
629;2.0;970.0;6;970.0;0.0;976.0;6.0;-2.0
630;0.0;970.0;6;970.0;0.0;976.0;6.0;-6.0
631;2.0;972.0;4;972.0;0.0;976.0;4.0;-4.0
632;1.0;973.0;7;973.0;0.0;980.0;7.0;-3.0
633;1.0;974.0;7;974.0;0.0;981.0;7.0;-6.0
634;1.0;975.0;4;976.0;1.0;980.0;5.0;-4.0
635;3.0;978.0;4;978.0;0.0;982.0;4.0;-3.0
636;3.0;981.0;2;981.0;0.0;983.0;2.0;-1.0
637;2.0;983.0;2;983.0;0.0;985.0;2.0;-1.0
638;0.0;983.0;1;983.0;0.0;984.0;1.0;0.0
639;0.0;983.0;2;983.0;0.0;985.0;2.0;-2.0
640;1.0;984.0;2;984.0;0.0;986.0;2.0;-1.0
641;1.0;985.0;4;985.0;0.0;989.0;4.0;-1.0
642;1.0;986.0;8;986.0;0.0;994.0;8.0;-5.0
643;3.0;989.0;8;989.0;0.0;997.0;8.0;-7.0
644;0.0;989.0;2;989.0;0.0;991.0;2.0;0.0
645;0.0;989.0;7;989.0;0.0;996.0;7.0;-5.0
646;3.0;992.0;6;992.0;0.0;998.0;6.0;-5.0
647;1.0;993.0;7;993.0;0.0;1000.0;7.0;-5.0
648;1.0;994.0;8;994.0;0.0;1002.0;8.0;-6.0
649;3.0;997.0;7;997.0;0.0;1004.0;7.0;-5.0
650;3.0;1000.0;2;1000.0;0.0;1002.0;2.0;-2.0
651;3.0;1003.0;4;1003.0;0.0;1007.0;4.0;-1.0
652;2.0;1005.0;3;1005.0;0.0;1008.0;3.0;-2.0
653;2.0;1007.0;4;1007.0;0.0;1011.0;4.0;-1.0
654;2.0;1009.0;7;1009.0;0.0;1016.0;7.0;-2.0
655;3.0;1012.0;4;1012.0;0.0;1016.0;4.0;-4.0
656;0.0;1012.0;8;1012.0;0.0;1020.0;8.0;-4.0
657;3.0;1015.0;8;1015.0;0.0;1023.0;8.0;-5.0
658;0.0;1015.0;8;1015.0;0.0;1023.0;8.0;-8.0
659;3.0;1018.0;7;1018.0;0.0;1025.0;7.0;-6.0
660;1.0;1019.0;7;1019.0;0.0;1026.0;7.0;-6.0
661;1.0;1020.0;4;1020.0;0.0;1024.0;4.0;-3.0
662;2.0;1022.0;7;1023.0;1.0;1030.0;8.0;-6.0
663;3.0;1025.0;2;1025.0;0.0;1027.0;2.0;-1.0
664;1.0;1026.0;4;1026.0;0.0;1030.0;4.0;-4.0
665;0.0;1026.0;3;1026.0;0.0;1029.0;3.0;-1.0
666;3.0;1029.0;8;1029.0;0.0;1037.0;8.0;-5.0
667;1.0;1030.0;4;1030.0;0.0;1034.0;4.0;0.0
668;3.0;1033.0;8;1033.0;0.0;1041.0;8.0;-5.0
669;2.0;1035.0;3;1035.0;0.0;1038.0;3.0;-2.0
670;2.0;1037.0;6;1037.0;0.0;1043.0;6.0;-4.0
671;0.0;1037.0;6;1037.0;0.0;1043.0;6.0;-6.0
672;2.0;1039.0;2;1039.0;0.0;1041.0;2.0;-2.0
673;2.0;1041.0;6;1041.0;0.0;1047.0;6.0;-4.0
674;1.0;1042.0;2;1042.0;0.0;1044.0;2.0;-1.0
675;0.0;1042.0;6;1042.0;0.0;1048.0;6.0;-5.0
676;1.0;1043.0;2;1043.0;0.0;1045.0;2.0;-1.0
677;3.0;1046.0;2;1046.0;0.0;1048.0;2.0;-2.0
678;0.0;1046.0;6;1046.0;0.0;1052.0;6.0;-2.0
679;0.0;1046.0;7;1046.0;0.0;1053.0;7.0;-6.0
680;3.0;1049.0;5;1049.0;0.0;1054.0;5.0;-4.0
681;3.0;1052.0;4;1052.0;0.0;1056.0;4.0;-2.0
682;1.0;1053.0;1;1053.0;0.0;1054.0;1.0;-1.0
683;2.0;1055.0;7;1055.0;0.0;1062.0;7.0;-4.0
684;1.0;1056.0;3;1056.0;0.0;1059.0;3.0;0.0
685;3.0;1059.0;6;1059.0;0.0;1065.0;6.0;-3.0
686;3.0;1062.0;3;1062.0;0.0;1065.0;3.0;-3.0
687;1.0;1063.0;6;1063.0;0.0;1069.0;6.0;-2.0
688;3.0;1066.0;6;1066.0;0.0;1072.0;6.0;-3.0
689;1.0;1067.0;8;1067.0;0.0;1075.0;8.0;-7.0
690;0.0;1067.0;2;1067.0;0.0;1069.0;2.0;-2.0
691;1.0;1068.0;4;1068.0;0.0;1072.0;4.0;-4.0
692;3.0;1071.0;5;1071.0;0.0;1076.0;5.0;-4.0
693;0.0;1071.0;4;1071.0;0.0;1075.0;4.0;-4.0
694;0.0;1071.0;2;1072.0;1.0;1074.0;3.0;0.0
695;2.0;1073.0;6;1073.0;0.0;1079.0;6.0;-5.0
696;2.0;1075.0;7;1075.0;0.0;1082.0;7.0;-4.0
697;1.0;1076.0;2;1076.0;0.0;1078.0;2.0;0.0
698;3.0;1079.0;5;1079.0;0.0;1084.0;5.0;-3.0
699;2.0;1081.0;5;1081.0;0.0;1086.0;5.0;-3.0
700;0.0;1081.0;8;1081.0;0.0;1089.0;8.0;-6.0
701;2.0;1083.0;4;1083.0;0.0;1087.0;4.0;-3.0
702;2.0;1085.0;6;1085.0;0.0;1091.0;6.0;-4.0
703;3.0;1088.0;1;1088.0;0.0;1089.0;1.0;-1.0
704;2.0;1090.0;6;1090.0;0.0;1096.0;6.0;-1.0
705;3.0;1093.0;8;1093.0;0.0;1101.0;8.0;-7.0
706;0.0;1093.0;7;1093.0;0.0;1100.0;7.0;-3.0
707;1.0;1094.0;2;1094.0;0.0;1096.0;2.0;-2.0
708;3.0;1097.0;7;1097.0;0.0;1104.0;7.0;-5.0
709;3.0;1100.0;2;1100.0;0.0;1102.0;2.0;-1.0
710;3.0;1103.0;8;1103.0;0.0;1111.0;8.0;-6.0
711;0.0;1103.0;2;1103.0;0.0;1105.0;2.0;-1.0
712;2.0;1105.0;4;1105.0;0.0;1109.0;4.0;0.0
713;2.0;1107.0;2;1107.0;0.0;1109.0;2.0;-2.0
714;1.0;1108.0;7;1108.0;0.0;1115.0;7.0;-3.0
715;1.0;1109.0;2;1109.0;0.0;1111.0;2.0;-2.0
716;3.0;1112.0;7;1112.0;0.0;1119.0;7.0;-3.0
717;2.0;1114.0;6;1114.0;0.0;1120.0;6.0;-5.0
718;3.0;1117.0;7;1117.0;0.0;1124.0;7.0;-6.0
719;0.0;1117.0;8;1117.0;0.0;1125.0;8.0;-7.0
720;3.0;1120.0;4;1120.0;0.0;1124.0;4.0;-4.0
721;1.0;1121.0;2;1121.0;0.0;1123.0;2.0;1.0
722;2.0;1123.0;4;1123.0;0.0;1127.0;4.0;-2.0
723;0.0;1123.0;7;1123.0;0.0;1130.0;7.0;-5.0
724;1.0;1124.0;4;1124.0;0.0;1128.0;4.0;-3.0
725;2.0;1126.0;6;1126.0;0.0;1132.0;6.0;-4.0
726;0.0;1126.0;2;1126.0;0.0;1128.0;2.0;-2.0
727;0.0;1126.0;3;1127.0;1.0;1130.0;4.0;-3.0
728;3.0;1129.0;8;1129.0;0.0;1137.0;8.0;-7.0
729;1.0;1130.0;7;1130.0;0.0;1137.0;7.0;-7.0
730;2.0;1132.0;4;1132.0;0.0;1136.0;4.0;0.0
731;0.0;1132.0;5;1132.0;0.0;1137.0;5.0;-5.0
732;3.0;1135.0;3;1135.0;0.0;1138.0;3.0;-2.0
733;1.0;1136.0;6;1136.0;0.0;1142.0;6.0;-4.0
734;0.0;1136.0;6;1137.0;1.0;1143.0;7.0;-5.0
735;0.0;1136.0;6;1137.0;1.0;1143.0;7.0;-6.0
736;2.0;1138.0;2;1138.0;0.0;1140.0;2.0;0.0
737;0.0;1138.0;6;1138.0;0.0;1144.0;6.0;-5.0
738;1.0;1139.0;6;1140.0;1.0;1146.0;7.0;-5.0
739;0.0;1139.0;7;1142.0;3.0;1149.0;10.0;-4.0
740;1.0;1140.0;2;1143.0;3.0;1145.0;5.0;-1.0
741;1.0;1141.0;8;1143.0;2.0;1151.0;10.0;-6.0
742;1.0;1142.0;2;1144.0;2.0;1146.0;4.0;-2.0
743;2.0;1144.0;4;1145.0;1.0;1149.0;5.0;-4.0
744;3.0;1147.0;6;1147.0;0.0;1153.0;6.0;-5.0
745;1.0;1148.0;4;1148.0;0.0;1152.0;4.0;-3.0
746;0.0;1148.0;3;1149.0;1.0;1152.0;4.0;-3.0
747;0.0;1148.0;4;1149.0;1.0;1153.0;5.0;-4.0
748;0.0;1148.0;4;1151.0;3.0;1155.0;7.0;-2.0
749;3.0;1151.0;3;1152.0;1.0;1155.0;4.0;-3.0
750;3.0;1154.0;6;1154.0;0.0;1160.0;6.0;-1.0
751;3.0;1157.0;6;1157.0;0.0;1163.0;6.0;-3.0
752;3.0;1160.0;6;1160.0;0.0;1166.0;6.0;-5.0
753;1.0;1161.0;6;1161.0;0.0;1167.0;6.0;-5.0
754;1.0;1162.0;3;1162.0;0.0;1165.0;3.0;-1.0
755;1.0;1163.0;6;1163.0;0.0;1169.0;6.0;-4.0
756;0.0;1163.0;2;1163.0;0.0;1165.0;2.0;-2.0
757;3.0;1166.0;8;1166.0;0.0;1174.0;8.0;-5.0
758;2.0;1168.0;6;1168.0;0.0;1174.0;6.0;-6.0
759;1.0;1169.0;2;1169.0;0.0;1171.0;2.0;0.0
760;2.0;1171.0;4;1171.0;0.0;1175.0;4.0;-3.0
761;0.0;1171.0;6;1171.0;0.0;1177.0;6.0;-5.0
762;2.0;1173.0;3;1173.0;0.0;1176.0;3.0;-2.0
763;1.0;1174.0;5;1174.0;0.0;1179.0;5.0;-4.0
764;0.0;1174.0;5;1174.0;0.0;1179.0;5.0;-5.0
765;2.0;1176.0;2;1176.0;0.0;1178.0;2.0;-1.0
766;0.0;1176.0;6;1176.0;0.0;1182.0;6.0;-3.0
767;3.0;1179.0;6;1179.0;0.0;1185.0;6.0;-3.0
768;1.0;1180.0;6;1180.0;0.0;1186.0;6.0;-5.0
769;2.0;1182.0;6;1182.0;0.0;1188.0;6.0;-4.0
770;2.0;1184.0;6;1184.0;0.0;1190.0;6.0;-4.0
771;3.0;1187.0;3;1187.0;0.0;1190.0;3.0;-3.0
772;1.0;1188.0;6;1188.0;0.0;1194.0;6.0;-5.0
773;1.0;1189.0;4;1189.0;0.0;1193.0;4.0;-1.0
774;1.0;1190.0;8;1190.0;0.0;1198.0;8.0;-4.0
775;1.0;1191.0;7;1191.0;0.0;1198.0;7.0;-7.0
776;1.0;1192.0;8;1192.0;0.0;1200.0;8.0;-6.0
777;3.0;1195.0;5;1195.0;0.0;1200.0;5.0;-5.0
778;1.0;1196.0;7;1196.0;0.0;1203.0;7.0;-6.0
779;1.0;1197.0;7;1198.0;1.0;1205.0;8.0;-5.0
780;2.0;1199.0;7;1199.0;0.0;1206.0;7.0;-6.0
781;1.0;1200.0;2;1200.0;0.0;1202.0;2.0;0.0
782;2.0;1202.0;7;1202.0;0.0;1209.0;7.0;-6.0
783;2.0;1204.0;4;1204.0;0.0;1208.0;4.0;-2.0
784;2.0;1206.0;8;1206.0;0.0;1214.0;8.0;-6.0
785;2.0;1208.0;2;1208.0;0.0;1210.0;2.0;-1.0
786;0.0;1208.0;4;1208.0;0.0;1212.0;4.0;-2.0
787;1.0;1209.0;6;1209.0;0.0;1215.0;6.0;-5.0
788;2.0;1211.0;3;1211.0;0.0;1214.0;3.0;-3.0
789;3.0;1214.0;6;1214.0;0.0;1220.0;6.0;-1.0
790;3.0;1217.0;6;1217.0;0.0;1223.0;6.0;-3.0
791;3.0;1220.0;6;1220.0;0.0;1226.0;6.0;-5.0
792;1.0;1221.0;3;1221.0;0.0;1224.0;3.0;-2.0
793;2.0;1223.0;2;1223.0;0.0;1225.0;2.0;-1.0
794;1.0;1224.0;8;1224.0;0.0;1232.0;8.0;-7.0
795;0.0;1224.0;7;1224.0;0.0;1231.0;7.0;-5.0
796;1.0;1225.0;4;1225.0;0.0;1229.0;4.0;-3.0
797;0.0;1225.0;3;1225.0;0.0;1228.0;3.0;-1.0
798;0.0;1225.0;8;1226.0;1.0;1234.0;9.0;-6.0
799;1.0;1226.0;3;1228.0;2.0;1231.0;5.0;-3.0
800;2.0;1228.0;6;1229.0;1.0;1235.0;7.0;-5.0
801;3.0;1231.0;4;1231.0;0.0;1235.0;4.0;-4.0
802;3.0;1234.0;2;1234.0;0.0;1236.0;2.0;-1.0
803;1.0;1235.0;4;1235.0;0.0;1239.0;4.0;-1.0
804;1.0;1236.0;6;1236.0;0.0;1242.0;6.0;-4.0
805;0.0;1236.0;4;1236.0;0.0;1240.0;4.0;-3.0
806;2.0;1238.0;8;1238.0;0.0;1246.0;8.0;-7.0
807;1.0;1239.0;6;1239.0;0.0;1245.0;6.0;-3.0
808;1.0;1240.0;2;1240.0;0.0;1242.0;2.0;-2.0
809;2.0;1242.0;6;1242.0;0.0;1248.0;6.0;-4.0
810;1.0;1243.0;6;1243.0;0.0;1249.0;6.0;-5.0
811;2.0;1245.0;7;1245.0;0.0;1252.0;7.0;-5.0
812;3.0;1248.0;2;1248.0;0.0;1250.0;2.0;-1.0
813;1.0;1249.0;3;1249.0;0.0;1252.0;3.0;-3.0
814;1.0;1250.0;7;1250.0;0.0;1257.0;7.0;-6.0
815;0.0;1250.0;4;1250.0;0.0;1254.0;4.0;-2.0
816;1.0;1251.0;5;1251.0;0.0;1256.0;5.0;-3.0
817;0.0;1251.0;2;1252.0;1.0;1254.0;3.0;-2.0
818;0.0;1251.0;4;1252.0;1.0;1256.0;5.0;-4.0
819;1.0;1252.0;3;1254.0;2.0;1257.0;5.0;-3.0
820;3.0;1255.0;5;1255.0;0.0;1260.0;5.0;-2.0
821;3.0;1258.0;4;1258.0;0.0;1262.0;4.0;-2.0
822;2.0;1260.0;6;1260.0;0.0;1266.0;6.0;-5.0
823;2.0;1262.0;6;1262.0;0.0;1268.0;6.0;-5.0
824;0.0;1262.0;3;1262.0;0.0;1265.0;3.0;0.0
825;3.0;1265.0;2;1265.0;0.0;1267.0;2.0;-1.0
826;1.0;1266.0;6;1266.0;0.0;1272.0;6.0;-5.0
827;0.0;1266.0;6;1266.0;0.0;1272.0;6.0;-6.0
828;2.0;1268.0;3;1268.0;0.0;1271.0;3.0;0.0
829;0.0;1268.0;4;1268.0;0.0;1272.0;4.0;-4.0
830;2.0;1270.0;2;1270.0;0.0;1272.0;2.0;-2.0
831;2.0;1272.0;6;1272.0;0.0;1278.0;6.0;-5.0
832;3.0;1275.0;4;1275.0;0.0;1279.0;4.0;-3.0
833;0.0;1275.0;2;1275.0;0.0;1277.0;2.0;3.0
834;0.0;1275.0;7;1275.0;0.0;1282.0;7.0;-5.0
835;2.0;1277.0;3;1277.0;0.0;1280.0;3.0;-2.0
836;1.0;1278.0;6;1278.0;0.0;1284.0;6.0;-5.0
837;1.0;1279.0;7;1279.0;0.0;1286.0;7.0;-5.0
838;0.0;1279.0;4;1279.0;0.0;1283.0;4.0;-3.0
839;2.0;1281.0;6;1281.0;0.0;1287.0;6.0;-5.0
840;2.0;1283.0;8;1283.0;0.0;1291.0;8.0;-4.0
841;3.0;1286.0;6;1286.0;0.0;1292.0;6.0;-5.0
842;3.0;1289.0;5;1289.0;0.0;1294.0;5.0;-3.0
843;3.0;1292.0;4;1292.0;0.0;1296.0;4.0;-2.0
844;2.0;1294.0;5;1294.0;0.0;1299.0;5.0;-2.0
845;2.0;1296.0;6;1296.0;0.0;1302.0;6.0;-3.0
846;3.0;1299.0;4;1299.0;0.0;1303.0;4.0;-3.0
847;3.0;1302.0;7;1302.0;0.0;1309.0;7.0;-1.0
848;3.0;1305.0;6;1305.0;0.0;1311.0;6.0;-4.0
849;2.0;1307.0;4;1307.0;0.0;1311.0;4.0;-4.0
850;1.0;1308.0;6;1308.0;0.0;1314.0;6.0;-3.0
851;1.0;1309.0;6;1309.0;0.0;1315.0;6.0;-5.0
852;3.0;1312.0;3;1312.0;0.0;1315.0;3.0;-3.0
853;1.0;1313.0;6;1313.0;0.0;1319.0;6.0;-2.0
854;2.0;1315.0;4;1315.0;0.0;1319.0;4.0;-4.0
855;2.0;1317.0;3;1317.0;0.0;1320.0;3.0;-2.0
856;1.0;1318.0;8;1318.0;0.0;1326.0;8.0;-7.0
857;2.0;1320.0;5;1320.0;0.0;1325.0;5.0;0.0
858;3.0;1323.0;2;1323.0;0.0;1325.0;2.0;-2.0
859;2.0;1325.0;2;1325.0;0.0;1327.0;2.0;-1.0
860;0.0;1325.0;8;1325.0;0.0;1333.0;8.0;-7.0
861;0.0;1325.0;2;1325.0;0.0;1327.0;2.0;-2.0
862;0.0;1325.0;3;1325.0;0.0;1328.0;3.0;-2.0
863;2.0;1327.0;8;1327.0;0.0;1335.0;8.0;-6.0
864;1.0;1328.0;4;1328.0;0.0;1332.0;4.0;0.0
865;1.0;1329.0;7;1329.0;0.0;1336.0;7.0;-6.0
866;3.0;1332.0;7;1332.0;0.0;1339.0;7.0;-4.0
867;3.0;1335.0;4;1335.0;0.0;1339.0;4.0;-4.0
868;3.0;1338.0;3;1338.0;0.0;1341.0;3.0;-1.0
869;2.0;1340.0;2;1340.0;0.0;1342.0;2.0;-1.0
870;0.0;1340.0;6;1340.0;0.0;1346.0;6.0;-2.0
871;2.0;1342.0;6;1342.0;0.0;1348.0;6.0;-5.0
872;2.0;1344.0;2;1344.0;0.0;1346.0;2.0;-2.0
873;0.0;1344.0;2;1344.0;0.0;1346.0;2.0;-2.0
874;0.0;1344.0;3;1344.0;0.0;1347.0;3.0;-2.0
875;3.0;1347.0;4;1347.0;0.0;1351.0;4.0;-1.0
876;3.0;1350.0;7;1350.0;0.0;1357.0;7.0;-4.0
877;2.0;1352.0;1;1352.0;0.0;1353.0;1.0;1.0
878;0.0;1352.0;2;1352.0;0.0;1354.0;2.0;-1.0
879;3.0;1355.0;4;1355.0;0.0;1359.0;4.0;-2.0
880;3.0;1358.0;4;1358.0;0.0;1362.0;4.0;-1.0
881;0.0;1358.0;6;1358.0;0.0;1364.0;6.0;-4.0
882;1.0;1359.0;5;1359.0;0.0;1364.0;5.0;-5.0
883;3.0;1362.0;4;1362.0;0.0;1366.0;4.0;-3.0
884;0.0;1362.0;3;1362.0;0.0;1365.0;3.0;-2.0
885;1.0;1363.0;6;1363.0;0.0;1369.0;6.0;-3.0
886;2.0;1365.0;1;1365.0;0.0;1366.0;1.0;-1.0
887;1.0;1366.0;3;1366.0;0.0;1369.0;3.0;-3.0
888;0.0;1366.0;8;1366.0;0.0;1374.0;8.0;-3.0
889;2.0;1368.0;8;1368.0;0.0;1376.0;8.0;-7.0
890;1.0;1369.0;6;1369.0;0.0;1375.0;6.0;-5.0
891;1.0;1370.0;6;1370.0;0.0;1376.0;6.0;-6.0
892;1.0;1371.0;6;1371.0;0.0;1377.0;6.0;-5.0
893;1.0;1372.0;2;1374.0;2.0;1376.0;4.0;-2.0
894;2.0;1374.0;8;1375.0;1.0;1383.0;9.0;-7.0
895;2.0;1376.0;5;1376.0;0.0;1381.0;5.0;-1.0
896;2.0;1378.0;4;1378.0;0.0;1382.0;4.0;-3.0
897;2.0;1380.0;8;1380.0;0.0;1388.0;8.0;-5.0
898;1.0;1381.0;8;1381.0;0.0;1389.0;8.0;-7.0
899;1.0;1382.0;1;1382.0;0.0;1383.0;1.0;-1.0
900;2.0;1384.0;1;1384.0;0.0;1385.0;1.0;1.0
901;1.0;1385.0;8;1385.0;0.0;1393.0;8.0;-7.0
902;3.0;1388.0;4;1388.0;0.0;1392.0;4.0;-1.0
903;0.0;1388.0;6;1388.0;0.0;1394.0;6.0;-5.0
904;2.0;1390.0;6;1390.0;0.0;1396.0;6.0;-5.0
905;2.0;1392.0;3;1392.0;0.0;1395.0;3.0;-2.0
906;0.0;1392.0;6;1392.0;0.0;1398.0;6.0;-4.0
907;2.0;1394.0;5;1394.0;0.0;1399.0;5.0;-4.0
908;3.0;1397.0;4;1397.0;0.0;1401.0;4.0;-2.0
909;3.0;1400.0;6;1400.0;0.0;1406.0;6.0;-3.0
910;1.0;1401.0;2;1401.0;0.0;1403.0;2.0;0.0
911;3.0;1404.0;6;1404.0;0.0;1410.0;6.0;-3.0
912;1.0;1405.0;2;1405.0;0.0;1407.0;2.0;-1.0
913;1.0;1406.0;8;1406.0;0.0;1414.0;8.0;-4.0
914;3.0;1409.0;6;1409.0;0.0;1415.0;6.0;-5.0
915;2.0;1411.0;8;1411.0;0.0;1419.0;8.0;-7.0
916;2.0;1413.0;5;1413.0;0.0;1418.0;5.0;-3.0
917;1.0;1414.0;2;1414.0;0.0;1416.0;2.0;-1.0
918;0.0;1414.0;2;1414.0;0.0;1416.0;2.0;-2.0
919;1.0;1415.0;7;1415.0;0.0;1422.0;7.0;-5.0
920;1.0;1416.0;4;1416.0;0.0;1420.0;4.0;-3.0
921;3.0;1419.0;4;1419.0;0.0;1423.0;4.0;-3.0
922;2.0;1421.0;6;1421.0;0.0;1427.0;6.0;-2.0
923;3.0;1424.0;4;1424.0;0.0;1428.0;4.0;-3.0
924;3.0;1427.0;8;1427.0;0.0;1435.0;8.0;-6.0
925;1.0;1428.0;5;1428.0;0.0;1433.0;5.0;0.0
926;3.0;1431.0;6;1431.0;0.0;1437.0;6.0;-4.0
927;2.0;1433.0;4;1433.0;0.0;1437.0;4.0;-4.0
928;2.0;1435.0;6;1435.0;0.0;1441.0;6.0;-3.0
929;0.0;1435.0;3;1435.0;0.0;1438.0;3.0;-2.0
930;0.0;1435.0;7;1435.0;0.0;1442.0;7.0;-6.0
931;3.0;1438.0;8;1438.0;0.0;1446.0;8.0;-7.0
932;2.0;1440.0;8;1440.0;0.0;1448.0;8.0;-7.0
933;0.0;1440.0;5;1440.0;0.0;1445.0;5.0;-2.0
934;0.0;1440.0;6;1441.0;1.0;1447.0;7.0;-5.0
935;1.0;1441.0;3;1442.0;1.0;1445.0;4.0;-3.0
936;1.0;1442.0;3;1445.0;3.0;1448.0;6.0;-3.0
937;2.0;1444.0;5;1445.0;1.0;1450.0;6.0;-3.0
938;0.0;1444.0;4;1446.0;2.0;1450.0;6.0;-4.0
939;3.0;1447.0;7;1447.0;0.0;1454.0;7.0;-6.0
940;0.0;1447.0;2;1448.0;1.0;1450.0;3.0;-2.0
941;2.0;1449.0;1;1449.0;0.0;1450.0;1.0;-1.0
942;0.0;1449.0;8;1450.0;1.0;1458.0;9.0;-4.0
943;0.0;1449.0;3;1450.0;1.0;1453.0;4.0;0.0
944;3.0;1452.0;6;1452.0;0.0;1458.0;6.0;-6.0
945;2.0;1454.0;8;1454.0;0.0;1462.0;8.0;-6.0
946;3.0;1457.0;3;1457.0;0.0;1460.0;3.0;-1.0
947;2.0;1459.0;8;1459.0;0.0;1467.0;8.0;-7.0
948;0.0;1459.0;6;1459.0;0.0;1465.0;6.0;-3.0
949;1.0;1460.0;8;1460.0;0.0;1468.0;8.0;-7.0
950;0.0;1460.0;8;1460.0;0.0;1468.0;8.0;-8.0
951;0.0;1460.0;4;1462.0;2.0;1466.0;6.0;-3.0
952;1.0;1461.0;7;1465.0;4.0;1472.0;11.0;-6.0
953;3.0;1464.0;6;1466.0;2.0;1472.0;8.0;-6.0
954;1.0;1465.0;4;1467.0;2.0;1471.0;6.0;-1.0
955;2.0;1467.0;8;1468.0;1.0;1476.0;9.0;-6.0
956;0.0;1467.0;4;1468.0;1.0;1472.0;5.0;-4.0
957;1.0;1468.0;5;1471.0;3.0;1476.0;8.0;-5.0
958;0.0;1468.0;4;1472.0;4.0;1476.0;8.0;-4.0
959;3.0;1471.0;2;1472.0;1.0;1474.0;3.0;0.0
960;3.0;1474.0;6;1474.0;0.0;1480.0;6.0;-5.0
961;1.0;1475.0;4;1475.0;0.0;1479.0;4.0;-1.0
962;1.0;1476.0;7;1476.0;0.0;1483.0;7.0;-4.0
963;3.0;1479.0;6;1479.0;0.0;1485.0;6.0;-4.0
964;1.0;1480.0;6;1480.0;0.0;1486.0;6.0;-5.0
965;2.0;1482.0;6;1482.0;0.0;1488.0;6.0;-4.0
966;3.0;1485.0;4;1485.0;0.0;1489.0;4.0;-3.0
967;2.0;1487.0;6;1487.0;0.0;1493.0;6.0;-2.0
968;0.0;1487.0;6;1487.0;0.0;1493.0;6.0;-6.0
969;2.0;1489.0;4;1489.0;0.0;1493.0;4.0;-4.0
970;3.0;1492.0;4;1492.0;0.0;1496.0;4.0;-3.0
971;0.0;1492.0;4;1492.0;0.0;1496.0;4.0;-4.0
972;2.0;1494.0;4;1494.0;0.0;1498.0;4.0;-2.0
973;0.0;1494.0;1;1494.0;0.0;1495.0;1.0;1.0
974;0.0;1494.0;6;1494.0;0.0;1500.0;6.0;-4.0
975;3.0;1497.0;3;1497.0;0.0;1500.0;3.0;-3.0
976;0.0;1497.0;7;1497.0;0.0;1504.0;7.0;-4.0
977;0.0;1497.0;4;1497.0;0.0;1501.0;4.0;-3.0
978;0.0;1497.0;8;1498.0;1.0;1506.0;9.0;-6.0
979;3.0;1500.0;8;1500.0;0.0;1508.0;8.0;-6.0
980;2.0;1502.0;6;1502.0;0.0;1508.0;6.0;-6.0
981;3.0;1505.0;4;1505.0;0.0;1509.0;4.0;-3.0
982;2.0;1507.0;2;1507.0;0.0;1509.0;2.0;-2.0
983;1.0;1508.0;4;1508.0;0.0;1512.0;4.0;-3.0
984;0.0;1508.0;3;1508.0;0.0;1511.0;3.0;-1.0
985;3.0;1511.0;2;1511.0;0.0;1513.0;2.0;-1.0
986;3.0;1514.0;4;1514.0;0.0;1518.0;4.0;1.0
987;3.0;1517.0;6;1517.0;0.0;1523.0;6.0;-5.0
988;1.0;1518.0;4;1518.0;0.0;1522.0;4.0;0.0
989;2.0;1520.0;6;1520.0;0.0;1526.0;6.0;-5.0
990;2.0;1522.0;3;1522.0;0.0;1525.0;3.0;-1.0
991;1.0;1523.0;4;1523.0;0.0;1527.0;4.0;-3.0
992;3.0;1526.0;8;1526.0;0.0;1534.0;8.0;-5.0
993;1.0;1527.0;4;1527.0;0.0;1531.0;4.0;0.0
994;3.0;1530.0;6;1530.0;0.0;1536.0;6.0;-4.0
995;0.0;1530.0;6;1530.0;0.0;1536.0;6.0;-6.0
996;2.0;1532.0;4;1532.0;0.0;1536.0;4.0;-4.0
997;0.0;1532.0;4;1532.0;0.0;1536.0;4.0;-4.0
998;1.0;1533.0;8;1534.0;1.0;1542.0;9.0;-2.0
999;3.0;1536.0;6;1536.0;0.0;1542.0;6.0;-6.0
